subject_id,subject_source_id,gender,birth_date
91f25704-6153-5259-bdd7-2ca6478de14a,10019003,female,1952-12-21
8e77dd0b-932d-5790-9ba6-5c6df8434457,10039708,female,1974-10-30
e7e213ac-81c0-5c7f-8d57-81519132353e,10021312,female,1965-08-16
1cf9e585-806c-513b-80af-4ca565a28231,10015860,male,1964-09-15
a0bcbbc0-b432-5f7d-ac63-28212f20dead,10022017,male,1961-09-10
9111ccb1-fc93-5599-ab7d-35f1e61d4214,10026255,male,1951-09-17
fa5fbf9c-23e3-5ef3-9cfb-24d20a950314,10037928,female,1939-10-25
cb70e6ae-90b1-562b-8ab0-467c65d18d5e,10014354,male,1960-10-08

